,list,messageid,committerid,commit_datetime,file_operation,file_name,addlines,dellines,id,file_id,authorid,author_datetime,c_peopleid,a_peopleid,sha_or_rev,format,datetime
0,54,4bcd9b14562c4e8aaf27d4a329d4cd7d@git.apache.org,2846,2018-08-29 13:25:07-07,add,git-wip-us.apache.org/repos/asf/incubator-airflow-site/blob/7d4d7628/_modules/airflow/contrib/operators/gcp_container_operator.html,390,0,9413,8743,2846,2018-08-29 13:25:07-07,,,,git,2018-08-29 13:25:07-07
1,54,4bcd9b14562c4e8aaf27d4a329d4cd7d@git.apache.org,2846,2018-08-29 13:25:07-07,mod,git-wip-us.apache.org/repos/asf/incubator-airflow-site/blob/7d4d7628/_modules/airflow/contrib/operators/gcs_download_operator.html,25,39,9414,8744,2846,2018-08-29 13:25:07-07,,,,git,2018-08-29 13:25:07-07
2,54,4bcd9b14562c4e8aaf27d4a329d4cd7d@git.apache.org,2846,2018-08-29 13:25:07-07,mod,git-wip-us.apache.org/repos/asf/incubator-airflow-site/blob/7d4d7628/_modules/airflow/contrib/operators/gcs_list_operator.html,20,36,9415,8745,2846,2018-08-29 13:25:07-07,,,,git,2018-08-29 13:25:07-07
3,54,cd48319ce8b04648b598a5ccee513834@git.apache.org,2846,2018-08-29 13:25:14-07,add,git-wip-us.apache.org/repos/asf/incubator-airflow-site/blob/7d4d7628/_modules/airflow/contrib/hooks/cassandra_hook.html,400,0,9416,8746,2846,2018-08-29 13:25:14-07,,,,git,2018-08-29 13:25:14-07
4,54,cd48319ce8b04648b598a5ccee513834@git.apache.org,2846,2018-08-29 13:25:14-07,add,git-wip-us.apache.org/repos/asf/incubator-airflow-site/blob/7d4d7628/_modules/airflow/contrib/hooks/cloudant_hook.html,301,0,9417,8747,2846,2018-08-29 13:25:14-07,,,,git,2018-08-29 13:25:14-07
5,54,cd48319ce8b04648b598a5ccee513834@git.apache.org,2846,2018-08-29 13:25:14-07,mod,git-wip-us.apache.org/repos/asf/incubator-airflow-site/blob/7d4d7628/_modules/airflow/contrib/hooks/databricks_hook.html,22,38,9418,8748,2846,2018-08-29 13:25:14-07,,,,git,2018-08-29 13:25:14-07
6,54,cd48319ce8b04648b598a5ccee513834@git.apache.org,2846,2018-08-29 13:25:14-07,mod,git-wip-us.apache.org/repos/asf/incubator-airflow-site/blob/7d4d7628/_modules/airflow/contrib/hooks/datadog_hook.html,24,39,9419,8749,2846,2018-08-29 13:25:14-07,,,,git,2018-08-29 13:25:14-07
7,54,cd48319ce8b04648b598a5ccee513834@git.apache.org,2846,2018-08-29 13:25:14-07,mod,git-wip-us.apache.org/repos/asf/incubator-airflow-site/blob/7d4d7628/_modules/airflow/contrib/hooks/datastore_hook.html,42,46,9420,8750,2846,2018-08-29 13:25:14-07,,,,git,2018-08-29 13:25:14-07
8,54,c8e22692c1bd4e22ae91f87a04b1994c@git.apache.org,2846,2018-08-29 13:25:10-07,mod,git-wip-us.apache.org/repos/asf/incubator-airflow-site/blob/7d4d7628/_modules/airflow/contrib/hooks/vertica_hook.html,18,35,9421,8751,2846,2018-08-29 13:25:10-07,,,,git,2018-08-29 13:25:10-07
9,54,c8e22692c1bd4e22ae91f87a04b1994c@git.apache.org,2846,2018-08-29 13:25:10-07,mod,git-wip-us.apache.org/repos/asf/incubator-airflow-site/blob/7d4d7628/_modules/airflow/contrib/hooks/wasb_hook.html,16,33,9422,8752,2846,2018-08-29 13:25:10-07,,,,git,2018-08-29 13:25:10-07
10,54,c8e22692c1bd4e22ae91f87a04b1994c@git.apache.org,2846,2018-08-29 13:25:10-07,add,git-wip-us.apache.org/repos/asf/incubator-airflow-site/blob/7d4d7628/_modules/airflow/contrib/hooks/winrm_hook.html,355,0,9423,8753,2846,2018-08-29 13:25:10-07,,,,git,2018-08-29 13:25:10-07
11,54,c8e22692c1bd4e22ae91f87a04b1994c@git.apache.org,2846,2018-08-29 13:25:10-07,mod,git-wip-us.apache.org/repos/asf/incubator-airflow-site/blob/7d4d7628/_modules/airflow/contrib/kubernetes/secret.html,14,31,9424,8754,2846,2018-08-29 13:25:10-07,,,,git,2018-08-29 13:25:10-07
12,54,c8e22692c1bd4e22ae91f87a04b1994c@git.apache.org,2846,2018-08-29 13:25:10-07,mod,git-wip-us.apache.org/repos/asf/incubator-airflow-site/blob/7d4d7628/_modules/airflow/contrib/operators/awsbatch_operator.html,40,48,9425,8755,2846,2018-08-29 13:25:10-07,,,,git,2018-08-29 13:25:10-07
13,54,c8e22692c1bd4e22ae91f87a04b1994c@git.apache.org,2846,2018-08-29 13:25:10-07,mod,git-wip-us.apache.org/repos/asf/incubator-airflow-site/blob/7d4d7628/_modules/airflow/contrib/operators/bigquery_check_operator.html,18,34,9426,8756,2846,2018-08-29 13:25:10-07,,,,git,2018-08-29 13:25:10-07
14,54,c8e22692c1bd4e22ae91f87a04b1994c@git.apache.org,2846,2018-08-29 13:25:10-07,mod,git-wip-us.apache.org/repos/asf/incubator-airflow-site/blob/7d4d7628/_modules/airflow/contrib/operators/bigquery_get_data.html,19,36,9427,8757,2846,2018-08-29 13:25:10-07,,,,git,2018-08-29 13:25:10-07
15,54,c8e22692c1bd4e22ae91f87a04b1994c@git.apache.org,2846,2018-08-29 13:25:10-07,mod,git-wip-us.apache.org/repos/asf/incubator-airflow-site/blob/7d4d7628/_modules/airflow/contrib/operators/bigquery_operator.html,70,51,9428,8758,2846,2018-08-29 13:25:10-07,,,,git,2018-08-29 13:25:10-07
16,256,8196154a61014effba87eb8d7dfd6faf@git.apache.org,4851,2017-03-07 19:22:45-08,mod,git-wip-us.apache.org/repos/asf/incubator-ariatosca/blob/aa01cd4e/aria/orchestrator/workflows/builtin/execute_operation.py,9,9,26599,20380,4851,2017-03-07 10:13:28-08,,,aa01cd4e9a60507bafb98707c7793c3a89424db8,git,2017-03-09 09:20:37-08
17,256,8196154a61014effba87eb8d7dfd6faf@git.apache.org,4851,2017-03-07 19:22:45-08,mod,git-wip-us.apache.org/repos/asf/incubator-ariatosca/blob/aa01cd4e/aria/orchestrator/workflows/builtin/heal.py,94,94,26600,20381,4851,2017-03-07 10:13:28-08,,,aa01cd4e9a60507bafb98707c7793c3a89424db8,git,2017-03-09 09:20:37-08
18,256,8196154a61014effba87eb8d7dfd6faf@git.apache.org,4851,2017-03-07 19:22:45-08,mod,git-wip-us.apache.org/repos/asf/incubator-ariatosca/blob/aa01cd4e/aria/parser/modeling/context.py,1,4,26601,20382,4851,2017-03-07 10:13:28-08,,,aa01cd4e9a60507bafb98707c7793c3a89424db8,git,2017-03-09 09:20:37-08
19,256,8196154a61014effba87eb8d7dfd6faf@git.apache.org,4851,2017-03-07 19:22:45-08,mod,git-wip-us.apache.org/repos/asf/incubator-ariatosca/blob/aa01cd4e/aria/utils/uuid.py,3,3,26602,20383,4851,2017-03-07 10:13:28-08,,,aa01cd4e9a60507bafb98707c7793c3a89424db8,git,2017-03-09 09:20:37-08
20,256,8196154a61014effba87eb8d7dfd6faf@git.apache.org,4851,2017-03-07 19:22:45-08,mod,git-wip-us.apache.org/repos/asf/incubator-ariatosca/blob/aa01cd4e/docs/requirements.txt,1,1,26603,20384,4851,2017-03-07 10:13:28-08,,,aa01cd4e9a60507bafb98707c7793c3a89424db8,git,2017-03-09 09:20:37-08
21,256,8196154a61014effba87eb8d7dfd6faf@git.apache.org,4851,2017-03-07 19:22:45-08,mod,git-wip-us.apache.org/repos/asf/incubator-ariatosca/blob/aa01cd4e/tests/mock/models.py,3,3,26604,20385,4851,2017-03-07 10:13:28-08,,,aa01cd4e9a60507bafb98707c7793c3a89424db8,git,2017-03-09 09:20:37-08
22,256,8196154a61014effba87eb8d7dfd6faf@git.apache.org,4851,2017-03-07 19:22:45-08,mod,git-wip-us.apache.org/repos/asf/incubator-ariatosca/blob/aa01cd4e/tests/mock/topology.py,3,3,26605,20386,4851,2017-03-07 10:13:28-08,,,aa01cd4e9a60507bafb98707c7793c3a89424db8,git,2017-03-09 09:20:37-08
23,256,8196154a61014effba87eb8d7dfd6faf@git.apache.org,4851,2017-03-07 19:22:45-08,mod,git-wip-us.apache.org/repos/asf/incubator-ariatosca/blob/aa01cd4e/tests/orchestrator/context/test_operation.py,4,5,26606,20387,4851,2017-03-07 10:13:28-08,,,aa01cd4e9a60507bafb98707c7793c3a89424db8,git,2017-03-09 09:20:37-08
24,256,8196154a61014effba87eb8d7dfd6faf@git.apache.org,4851,2017-03-07 19:22:45-08,mod,git-wip-us.apache.org/repos/asf/incubator-ariatosca/blob/aa01cd4e/tests/orchestrator/execution_plugin/test_local.py,13,13,26607,20388,4851,2017-03-07 10:13:28-08,,,aa01cd4e9a60507bafb98707c7793c3a89424db8,git,2017-03-09 09:20:37-08
25,256,8196154a61014effba87eb8d7dfd6faf@git.apache.org,4851,2017-03-07 19:22:45-08,mod,git-wip-us.apache.org/repos/asf/incubator-ariatosca/blob/aa01cd4e/tests/orchestrator/execution_plugin/test_ssh.py,17,12,26608,20389,4851,2017-03-07 10:13:28-08,,,aa01cd4e9a60507bafb98707c7793c3a89424db8,git,2017-03-09 09:20:37-08
26,256,8196154a61014effba87eb8d7dfd6faf@git.apache.org,4851,2017-03-07 19:22:45-08,mod,git-wip-us.apache.org/repos/asf/incubator-ariatosca/blob/aa01cd4e/tests/orchestrator/workflows/builtin/test_heal.py,10,10,26609,20390,4851,2017-03-07 10:13:28-08,,,aa01cd4e9a60507bafb98707c7793c3a89424db8,git,2017-03-09 09:20:37-08
27,256,8196154a61014effba87eb8d7dfd6faf@git.apache.org,4851,2017-03-07 19:22:45-08,mod,git-wip-us.apache.org/repos/asf/incubator-ariatosca/blob/aa01cd4e/tests/storage/test_models.py,5,3,26610,20391,4851,2017-03-07 10:13:28-08,,,aa01cd4e9a60507bafb98707c7793c3a89424db8,git,2017-03-09 09:20:37-08
28,54,20181112214304.248FE3A006D@svn01-us-west.apache.org,2661,2018-11-12 13:43:04-08,mod,release/incubator/airflow/KEYS,66,0,9429,1728,2661,2018-11-12 13:43:04-08,,,30857,svn,2018-11-12 13:43:04-08
29,54,20181113151359.8668F3A1ACF@svn01-us-west.apache.org,2661,2018-11-13 07:13:59-08,add,dev/incubator/airflow/1.10.1rc1/apache-airflow-1.10.1rc1+incubating-bin.tar.gz,0,0,9430,8759,2661,2018-11-13 07:13:59-08,,,30878,svn,2018-11-13 07:13:59-08
30,54,20181113151359.8668F3A1ACF@svn01-us-west.apache.org,2661,2018-11-13 07:13:59-08,add,dev/incubator/airflow/1.10.1rc1/apache-airflow-1.10.1rc1+incubating-bin.tar.gz.asc,17,0,9431,8760,2661,2018-11-13 07:13:59-08,,,30878,svn,2018-11-13 07:13:59-08
31,54,20181113151359.8668F3A1ACF@svn01-us-west.apache.org,2661,2018-11-13 07:13:59-08,add,dev/incubator/airflow/1.10.1rc1/apache-airflow-1.10.1rc1+incubating-bin.tar.gz.md5,2,0,9432,8761,2661,2018-11-13 07:13:59-08,,,30878,svn,2018-11-13 07:13:59-08
32,54,20181113151359.8668F3A1ACF@svn01-us-west.apache.org,2661,2018-11-13 07:13:59-08,add,dev/incubator/airflow/1.10.1rc1/apache-airflow-1.10.1rc1+incubating-bin.tar.gz.sha512,3,0,9433,8762,2661,2018-11-13 07:13:59-08,,,30878,svn,2018-11-13 07:13:59-08
33,54,20181113151359.8668F3A1ACF@svn01-us-west.apache.org,2661,2018-11-13 07:13:59-08,add,dev/incubator/airflow/1.10.1rc1/apache-airflow-1.10.1rc1+incubating-source.tar.gz,0,0,9434,8763,2661,2018-11-13 07:13:59-08,,,30878,svn,2018-11-13 07:13:59-08
34,54,20181113151359.8668F3A1ACF@svn01-us-west.apache.org,2661,2018-11-13 07:13:59-08,add,dev/incubator/airflow/1.10.1rc1/apache-airflow-1.10.1rc1+incubating-source.tar.gz.asc,17,0,9435,8764,2661,2018-11-13 07:13:59-08,,,30878,svn,2018-11-13 07:13:59-08
35,54,20181113151359.8668F3A1ACF@svn01-us-west.apache.org,2661,2018-11-13 07:13:59-08,add,dev/incubator/airflow/1.10.1rc1/apache-airflow-1.10.1rc1+incubating-source.tar.gz.md5,2,0,9436,8765,2661,2018-11-13 07:13:59-08,,,30878,svn,2018-11-13 07:13:59-08
36,54,20181113151359.8668F3A1ACF@svn01-us-west.apache.org,2661,2018-11-13 07:13:59-08,add,dev/incubator/airflow/1.10.1rc1/apache-airflow-1.10.1rc1+incubating-source.tar.gz.sha512,3,0,9437,8766,2661,2018-11-13 07:13:59-08,,,30878,svn,2018-11-13 07:13:59-08
37,54,20181113152432.9BF6C3A008F@svn01-us-west.apache.org,2661,2018-11-13 07:24:32-08,add,dev/incubator/airflow/1.10.1rc1/apache-airflow-1.10.1rc1+incubating-bin.tar.gz,0,0,9438,8767,2661,2018-11-13 07:24:32-08,,,30879,svn,2018-11-13 07:24:32-08
38,54,20181113152432.9BF6C3A008F@svn01-us-west.apache.org,2661,2018-11-13 07:24:32-08,add,dev/incubator/airflow/1.10.1rc1/apache-airflow-1.10.1rc1+incubating-bin.tar.gz.asc,17,0,9439,8768,2661,2018-11-13 07:24:32-08,,,30879,svn,2018-11-13 07:24:32-08
39,54,20181113152432.9BF6C3A008F@svn01-us-west.apache.org,2661,2018-11-13 07:24:32-08,add,dev/incubator/airflow/1.10.1rc1/apache-airflow-1.10.1rc1+incubating-bin.tar.gz.md5,2,0,9440,8769,2661,2018-11-13 07:24:32-08,,,30879,svn,2018-11-13 07:24:32-08
40,54,20181113152432.9BF6C3A008F@svn01-us-west.apache.org,2661,2018-11-13 07:24:32-08,add,dev/incubator/airflow/1.10.1rc1/apache-airflow-1.10.1rc1+incubating-bin.tar.gz.sha512,3,0,9441,8770,2661,2018-11-13 07:24:32-08,,,30879,svn,2018-11-13 07:24:32-08
41,54,20181113152432.9BF6C3A008F@svn01-us-west.apache.org,2661,2018-11-13 07:24:32-08,add,dev/incubator/airflow/1.10.1rc1/apache-airflow-1.10.1rc1+incubating-source.tar.gz,0,0,9442,8771,2661,2018-11-13 07:24:32-08,,,30879,svn,2018-11-13 07:24:32-08
42,54,20181113152432.9BF6C3A008F@svn01-us-west.apache.org,2661,2018-11-13 07:24:32-08,add,dev/incubator/airflow/1.10.1rc1/apache-airflow-1.10.1rc1+incubating-source.tar.gz.asc,17,0,9443,8772,2661,2018-11-13 07:24:32-08,,,30879,svn,2018-11-13 07:24:32-08
43,54,20181113152432.9BF6C3A008F@svn01-us-west.apache.org,2661,2018-11-13 07:24:32-08,add,dev/incubator/airflow/1.10.1rc1/apache-airflow-1.10.1rc1+incubating-source.tar.gz.md5,2,0,9444,8773,2661,2018-11-13 07:24:32-08,,,30879,svn,2018-11-13 07:24:32-08
44,54,20181113152432.9BF6C3A008F@svn01-us-west.apache.org,2661,2018-11-13 07:24:32-08,add,dev/incubator/airflow/1.10.1rc1/apache-airflow-1.10.1rc1+incubating-source.tar.gz.sha512,3,0,9445,8774,2661,2018-11-13 07:24:32-08,,,30879,svn,2018-11-13 07:24:32-08
45,54,20181114222908.D6C793A028C@svn01-us-west.apache.org,2661,2018-11-14 14:29:08-08,add,dev/incubator/airflow/1.10.1rc2/apache-airflow-1.10.1rc2+incubating-bin.tar.gz,0,0,9446,8775,2661,2018-11-14 14:29:08-08,,,30900,svn,2018-11-14 14:29:08-08
46,54,20181114222908.D6C793A028C@svn01-us-west.apache.org,2661,2018-11-14 14:29:08-08,add,dev/incubator/airflow/1.10.1rc2/apache-airflow-1.10.1rc2+incubating-bin.tar.gz.asc,17,0,9447,8776,2661,2018-11-14 14:29:08-08,,,30900,svn,2018-11-14 14:29:08-08
47,54,20181114222908.D6C793A028C@svn01-us-west.apache.org,2661,2018-11-14 14:29:08-08,add,dev/incubator/airflow/1.10.1rc2/apache-airflow-1.10.1rc2+incubating-bin.tar.gz.md5,2,0,9448,8777,2661,2018-11-14 14:29:08-08,,,30900,svn,2018-11-14 14:29:08-08
48,54,20181114222908.D6C793A028C@svn01-us-west.apache.org,2661,2018-11-14 14:29:08-08,add,dev/incubator/airflow/1.10.1rc2/apache-airflow-1.10.1rc2+incubating-bin.tar.gz.sha512,3,0,9449,8778,2661,2018-11-14 14:29:08-08,,,30900,svn,2018-11-14 14:29:08-08
49,54,20181114222908.D6C793A028C@svn01-us-west.apache.org,2661,2018-11-14 14:29:08-08,add,dev/incubator/airflow/1.10.1rc2/apache-airflow-1.10.1rc2+incubating-source.tar.gz,0,0,9450,8779,2661,2018-11-14 14:29:08-08,,,30900,svn,2018-11-14 14:29:08-08
50,54,20181114222908.D6C793A028C@svn01-us-west.apache.org,2661,2018-11-14 14:29:08-08,add,dev/incubator/airflow/1.10.1rc2/apache-airflow-1.10.1rc2+incubating-source.tar.gz.asc,17,0,9451,8780,2661,2018-11-14 14:29:08-08,,,30900,svn,2018-11-14 14:29:08-08
51,54,20181114222908.D6C793A028C@svn01-us-west.apache.org,2661,2018-11-14 14:29:08-08,add,dev/incubator/airflow/1.10.1rc2/apache-airflow-1.10.1rc2+incubating-source.tar.gz.md5,2,0,9452,8781,2661,2018-11-14 14:29:08-08,,,30900,svn,2018-11-14 14:29:08-08
52,54,20181114222908.D6C793A028C@svn01-us-west.apache.org,2661,2018-11-14 14:29:08-08,add,dev/incubator/airflow/1.10.1rc2/apache-airflow-1.10.1rc2+incubating-source.tar.gz.sha512,3,0,9453,8782,2661,2018-11-14 14:29:08-08,,,30900,svn,2018-11-14 14:29:08-08
53,54,20181119111407.269653A07CD@svn01-us-west.apache.org,2661,2018-11-19 03:14:06-08,rm,dev/incubator/airflow/1.10.1rc2/apache-airflow-1.10.1rc2+incubating-bin.tar.gz.md5,0,0,9454,0,2661,2018-11-19 03:14:06-08,,,30972,svn,2018-11-19 03:14:06-08
54,54,20181119111407.269653A07CD@svn01-us-west.apache.org,2661,2018-11-19 03:14:06-08,rm,dev/incubator/airflow/1.10.1rc2/apache-airflow-1.10.1rc2+incubating-source.tar.gz.md5,0,0,9455,0,2661,2018-11-19 03:14:06-08,,,30972,svn,2018-11-19 03:14:06-08
55,54,20181121221851.448083A057C@svn01-us-west.apache.org,2661,2018-11-21 14:18:50-08,add,release/incubator/airflow/1.10.1-incubating/apache-airflow-1.10.1+incubating-bin.tar.gz,0,0,9456,8783,2661,2018-11-21 14:18:50-08,,,31028,svn,2018-11-21 14:18:50-08
56,54,20181121221851.448083A057C@svn01-us-west.apache.org,2661,2018-11-21 14:18:50-08,add,release/incubator/airflow/1.10.1-incubating/apache-airflow-1.10.1+incubating-bin.tar.gz.asc,17,0,9457,8784,2661,2018-11-21 14:18:50-08,,,31028,svn,2018-11-21 14:18:50-08
57,54,20181121221851.448083A057C@svn01-us-west.apache.org,2661,2018-11-21 14:18:50-08,add,release/incubator/airflow/1.10.1-incubating/apache-airflow-1.10.1+incubating-bin.tar.gz.sha512,3,0,9458,8785,2661,2018-11-21 14:18:50-08,,,31028,svn,2018-11-21 14:18:50-08
58,54,20181121221851.448083A057C@svn01-us-west.apache.org,2661,2018-11-21 14:18:50-08,add,release/incubator/airflow/1.10.1-incubating/apache-airflow-1.10.1+incubating-source.tar.gz,0,0,9459,8786,2661,2018-11-21 14:18:50-08,,,31028,svn,2018-11-21 14:18:50-08
59,54,20181121221851.448083A057C@svn01-us-west.apache.org,2661,2018-11-21 14:18:50-08,add,release/incubator/airflow/1.10.1-incubating/apache-airflow-1.10.1+incubating-source.tar.gz.asc,17,0,9460,8787,2661,2018-11-21 14:18:50-08,,,31028,svn,2018-11-21 14:18:50-08
60,54,20181121221851.448083A057C@svn01-us-west.apache.org,2661,2018-11-21 14:18:50-08,add,release/incubator/airflow/1.10.1-incubating/apache-airflow-1.10.1+incubating-source.tar.gz.sha512,3,0,9461,8788,2661,2018-11-21 14:18:50-08,,,31028,svn,2018-11-21 14:18:50-08
61,54,afc416cc5db446b5bd33ed905d1e46be@git.apache.org,2661,2018-11-29 07:58:05-08,mod,git-wip-us.apache.org/repos/asf/incubator-airflow-site/blob/1f06fa0e/howto/executor/use-celery.html,8,15,9462,8789,2661,2018-11-29 07:58:05-08,,,,git,2018-11-29 07:58:05-08
62,54,afc416cc5db446b5bd33ed905d1e46be@git.apache.org,2661,2018-11-29 07:58:05-08,mod,git-wip-us.apache.org/repos/asf/incubator-airflow-site/blob/1f06fa0e/howto/executor/use-dask.html,7,14,9463,8790,2661,2018-11-29 07:58:05-08,,,,git,2018-11-29 07:58:05-08
63,54,afc416cc5db446b5bd33ed905d1e46be@git.apache.org,2661,2018-11-29 07:58:05-08,mod,git-wip-us.apache.org/repos/asf/incubator-airflow-site/blob/1f06fa0e/howto/executor/use-mesos.html,7,14,9464,8791,2661,2018-11-29 07:58:05-08,,,,git,2018-11-29 07:58:05-08
64,54,afc416cc5db446b5bd33ed905d1e46be@git.apache.org,2661,2018-11-29 07:58:05-08,mod,git-wip-us.apache.org/repos/asf/incubator-airflow-site/blob/1f06fa0e/howto/index.html,7,14,9465,8792,2661,2018-11-29 07:58:05-08,,,,git,2018-11-29 07:58:05-08
65,54,afc416cc5db446b5bd33ed905d1e46be@git.apache.org,2661,2018-11-29 07:58:05-08,mod,git-wip-us.apache.org/repos/asf/incubator-airflow-site/blob/1f06fa0e/howto/initialize-database.html,7,14,9466,8793,2661,2018-11-29 07:58:05-08,,,,git,2018-11-29 07:58:05-08
66,54,afc416cc5db446b5bd33ed905d1e46be@git.apache.org,2661,2018-11-29 07:58:05-08,mod,git-wip-us.apache.org/repos/asf/incubator-airflow-site/blob/1f06fa0e/howto/manage-connections.html,83,17,9467,8794,2661,2018-11-29 07:58:05-08,,,,git,2018-11-29 07:58:05-08
67,54,aae3866745564e8f942294d9660de4b1@git.apache.org,2661,2018-11-29 07:58:01-08,mod,git-wip-us.apache.org/repos/asf/incubator-airflow-site/blob/1f06fa0e/kubernetes.html,38,18,9468,8795,2661,2018-11-29 07:58:01-08,,,,git,2018-11-29 07:58:01-08
68,54,aae3866745564e8f942294d9660de4b1@git.apache.org,2661,2018-11-29 07:58:01-08,mod,git-wip-us.apache.org/repos/asf/incubator-airflow-site/blob/1f06fa0e/license.html,7,14,9469,8796,2661,2018-11-29 07:58:01-08,,,,git,2018-11-29 07:58:01-08
69,54,aae3866745564e8f942294d9660de4b1@git.apache.org,2661,2018-11-29 07:58:01-08,mod,git-wip-us.apache.org/repos/asf/incubator-airflow-site/blob/1f06fa0e/lineage.html,7,14,9470,8797,2661,2018-11-29 07:58:01-08,,,,git,2018-11-29 07:58:01-08
70,54,aae3866745564e8f942294d9660de4b1@git.apache.org,2661,2018-11-29 07:58:01-08,mod,git-wip-us.apache.org/repos/asf/incubator-airflow-site/blob/1f06fa0e/objects.inv,38,30,9471,8798,2661,2018-11-29 07:58:01-08,,,,git,2018-11-29 07:58:01-08
71,54,aae3866745564e8f942294d9660de4b1@git.apache.org,2661,2018-11-29 07:58:01-08,mod,git-wip-us.apache.org/repos/asf/incubator-airflow-site/blob/1f06fa0e/profiling.html,7,14,9472,8799,2661,2018-11-29 07:58:01-08,,,,git,2018-11-29 07:58:01-08
72,54,aae3866745564e8f942294d9660de4b1@git.apache.org,2661,2018-11-29 07:58:01-08,mod,git-wip-us.apache.org/repos/asf/incubator-airflow-site/blob/1f06fa0e/project.html,7,15,9473,8800,2661,2018-11-29 07:58:01-08,,,,git,2018-11-29 07:58:01-08
73,54,aae3866745564e8f942294d9660de4b1@git.apache.org,2661,2018-11-29 07:58:01-08,mod,git-wip-us.apache.org/repos/asf/incubator-airflow-site/blob/1f06fa0e/py-modindex.html,7,14,9474,8801,2661,2018-11-29 07:58:01-08,,,,git,2018-11-29 07:58:01-08
74,54,aae3866745564e8f942294d9660de4b1@git.apache.org,2661,2018-11-29 07:58:01-08,mod,git-wip-us.apache.org/repos/asf/incubator-airflow-site/blob/1f06fa0e/scheduler.html,10,17,9475,8802,2661,2018-11-29 07:58:01-08,,,,git,2018-11-29 07:58:01-08
75,54,aae3866745564e8f942294d9660de4b1@git.apache.org,2661,2018-11-29 07:58:01-08,mod,git-wip-us.apache.org/repos/asf/incubator-airflow-site/blob/1f06fa0e/search.html,8,15,9476,8803,2661,2018-11-29 07:58:01-08,,,,git,2018-11-29 07:58:01-08
76,54,4ba7d5ecaa9a4e8992d0058ba050e130@git.apache.org,2661,2018-11-29 07:58:03-08,mod,git-wip-us.apache.org/repos/asf/incubator-airflow-site/blob/1f06fa0e/howto/write-logs.html,21,71,9477,8804,2661,2018-11-29 07:58:03-08,,,,git,2018-11-29 07:58:03-08
77,54,4ba7d5ecaa9a4e8992d0058ba050e130@git.apache.org,2661,2018-11-29 07:58:03-08,mod,git-wip-us.apache.org/repos/asf/incubator-airflow-site/blob/1f06fa0e/index.html,79,58,9478,8805,2661,2018-11-29 07:58:03-08,,,,git,2018-11-29 07:58:03-08
78,54,4ba7d5ecaa9a4e8992d0058ba050e130@git.apache.org,2661,2018-11-29 07:58:03-08,mod,git-wip-us.apache.org/repos/asf/incubator-airflow-site/blob/1f06fa0e/installation.html,57,67,9479,8806,2661,2018-11-29 07:58:03-08,,,,git,2018-11-29 07:58:03-08
79,54,688f8cc5d9bf45f585ba73b3ed240c30@git.apache.org,2661,2018-11-29 07:58:17-08,mod,git-wip-us.apache.org/repos/asf/incubator-airflow-site/blob/1f06fa0e/_modules/airflow/hooks/druid_hook.html,17,18,9480,8807,2661,2018-11-29 07:58:17-08,,,,git,2018-11-29 07:58:17-08
80,54,688f8cc5d9bf45f585ba73b3ed240c30@git.apache.org,2661,2018-11-29 07:58:17-08,mod,git-wip-us.apache.org/repos/asf/incubator-airflow-site/blob/1f06fa0e/_modules/airflow/hooks/hdfs_hook.html,7,14,9481,8808,2661,2018-11-29 07:58:17-08,,,,git,2018-11-29 07:58:17-08
81,54,688f8cc5d9bf45f585ba73b3ed240c30@git.apache.org,2661,2018-11-29 07:58:17-08,mod,git-wip-us.apache.org/repos/asf/incubator-airflow-site/blob/1f06fa0e/_modules/airflow/hooks/hive_hooks.html,7,14,9482,8809,2661,2018-11-29 07:58:17-08,,,,git,2018-11-29 07:58:17-08
82,54,688f8cc5d9bf45f585ba73b3ed240c30@git.apache.org,2661,2018-11-29 07:58:17-08,mod,git-wip-us.apache.org/repos/asf/incubator-airflow-site/blob/1f06fa0e/_modules/airflow/hooks/http_hook.html,17,16,9483,8810,2661,2018-11-29 07:58:17-08,,,,git,2018-11-29 07:58:17-08
83,54,688f8cc5d9bf45f585ba73b3ed240c30@git.apache.org,2661,2018-11-29 07:58:17-08,mod,git-wip-us.apache.org/repos/asf/incubator-airflow-site/blob/1f06fa0e/_modules/airflow/hooks/jdbc_hook.html,7,14,9484,8811,2661,2018-11-29 07:58:17-08,,,,git,2018-11-29 07:58:17-08
84,54,688f8cc5d9bf45f585ba73b3ed240c30@git.apache.org,2661,2018-11-29 07:58:17-08,mod,git-wip-us.apache.org/repos/asf/incubator-airflow-site/blob/1f06fa0e/_modules/airflow/hooks/mssql_hook.html,7,14,9485,8812,2661,2018-11-29 07:58:17-08,,,,git,2018-11-29 07:58:17-08
85,54,688f8cc5d9bf45f585ba73b3ed240c30@git.apache.org,2661,2018-11-29 07:58:17-08,mod,git-wip-us.apache.org/repos/asf/incubator-airflow-site/blob/1f06fa0e/_modules/airflow/hooks/mysql_hook.html,18,15,9486,8813,2661,2018-11-29 07:58:17-08,,,,git,2018-11-29 07:58:17-08
86,54,688f8cc5d9bf45f585ba73b3ed240c30@git.apache.org,2661,2018-11-29 07:58:17-08,mod,git-wip-us.apache.org/repos/asf/incubator-airflow-site/blob/1f06fa0e/_modules/airflow/hooks/oracle_hook.html,7,14,9487,8814,2661,2018-11-29 07:58:17-08,,,,git,2018-11-29 07:58:17-08
87,54,688f8cc5d9bf45f585ba73b3ed240c30@git.apache.org,2661,2018-11-29 07:58:17-08,mod,git-wip-us.apache.org/repos/asf/incubator-airflow-site/blob/1f06fa0e/_modules/airflow/hooks/pig_hook.html,7,14,9488,8815,2661,2018-11-29 07:58:17-08,,,,git,2018-11-29 07:58:17-08
88,54,688f8cc5d9bf45f585ba73b3ed240c30@git.apache.org,2661,2018-11-29 07:58:17-08,mod,git-wip-us.apache.org/repos/asf/incubator-airflow-site/blob/1f06fa0e/_modules/airflow/hooks/postgres_hook.html,7,14,9489,8816,2661,2018-11-29 07:58:17-08,,,,git,2018-11-29 07:58:17-08
89,54,688f8cc5d9bf45f585ba73b3ed240c30@git.apache.org,2661,2018-11-29 07:58:17-08,mod,git-wip-us.apache.org/repos/asf/incubator-airflow-site/blob/1f06fa0e/_modules/airflow/hooks/presto_hook.html,7,14,9490,8817,2661,2018-11-29 07:58:17-08,,,,git,2018-11-29 07:58:17-08
90,54,688f8cc5d9bf45f585ba73b3ed240c30@git.apache.org,2661,2018-11-29 07:58:17-08,mod,git-wip-us.apache.org/repos/asf/incubator-airflow-site/blob/1f06fa0e/_modules/airflow/hooks/samba_hook.html,7,14,9491,8818,2661,2018-11-29 07:58:17-08,,,,git,2018-11-29 07:58:17-08
91,54,688f8cc5d9bf45f585ba73b3ed240c30@git.apache.org,2661,2018-11-29 07:58:17-08,mod,git-wip-us.apache.org/repos/asf/incubator-airflow-site/blob/1f06fa0e/_modules/airflow/hooks/slack_hook.html,7,14,9492,8819,2661,2018-11-29 07:58:17-08,,,,git,2018-11-29 07:58:17-08
92,54,688f8cc5d9bf45f585ba73b3ed240c30@git.apache.org,2661,2018-11-29 07:58:17-08,mod,git-wip-us.apache.org/repos/asf/incubator-airflow-site/blob/1f06fa0e/_modules/airflow/hooks/sqlite_hook.html,7,14,9493,8820,2661,2018-11-29 07:58:17-08,,,,git,2018-11-29 07:58:17-08
93,54,688f8cc5d9bf45f585ba73b3ed240c30@git.apache.org,2661,2018-11-29 07:58:17-08,mod,git-wip-us.apache.org/repos/asf/incubator-airflow-site/blob/1f06fa0e/_modules/airflow/hooks/webhdfs_hook.html,7,14,9494,8821,2661,2018-11-29 07:58:17-08,,,,git,2018-11-29 07:58:17-08
94,54,688f8cc5d9bf45f585ba73b3ed240c30@git.apache.org,2661,2018-11-29 07:58:17-08,mod,git-wip-us.apache.org/repos/asf/incubator-airflow-site/blob/1f06fa0e/_modules/airflow/hooks/zendesk_hook.html,7,14,9495,8822,2661,2018-11-29 07:58:17-08,,,,git,2018-11-29 07:58:17-08
95,54,688f8cc5d9bf45f585ba73b3ed240c30@git.apache.org,2661,2018-11-29 07:58:17-08,mod,git-wip-us.apache.org/repos/asf/incubator-airflow-site/blob/1f06fa0e/_modules/airflow/macros.html,7,14,9496,8823,2661,2018-11-29 07:58:17-08,,,,git,2018-11-29 07:58:17-08
96,54,688f8cc5d9bf45f585ba73b3ed240c30@git.apache.org,2661,2018-11-29 07:58:17-08,mod,git-wip-us.apache.org/repos/asf/incubator-airflow-site/blob/1f06fa0e/_modules/airflow/macros/hive.html,7,14,9497,8824,2661,2018-11-29 07:58:17-08,,,,git,2018-11-29 07:58:17-08
97,54,6119600fd9ca4244ae597b630b8f69dd@git.apache.org,2661,2018-11-29 07:58:10-08,mod,git-wip-us.apache.org/repos/asf/incubator-airflow-site/blob/1f06fa0e/_static/doctools.js,4,2,9498,8825,2661,2018-11-29 07:58:10-08,,,,git,2018-11-29 07:58:10-08
98,54,6119600fd9ca4244ae597b630b8f69dd@git.apache.org,2661,2018-11-29 07:58:10-08,mod,git-wip-us.apache.org/repos/asf/incubator-airflow-site/blob/1f06fa0e/_static/documentation_options.js,289,2,9499,8826,2661,2018-11-29 07:58:10-08,,,,git,2018-11-29 07:58:10-08
99,54,6119600fd9ca4244ae597b630b8f69dd@git.apache.org,2661,2018-11-29 07:58:10-08,mod,git-wip-us.apache.org/repos/asf/incubator-airflow-site/blob/1f06fa0e/_static/fonts/Inconsolata-Bold.ttf,3,3,9500,8827,2661,2018-11-29 07:58:10-08,,,,git,2018-11-29 07:58:10-08
100,54,6119600fd9ca4244ae597b630b8f69dd@git.apache.org,2661,2018-11-29 07:58:10-08,mod,git-wip-us.apache.org/repos/asf/incubator-airflow-site/blob/1f06fa0e/_static/searchtools.js,36,315,9501,8828,2661,2018-11-29 07:58:10-08,,,,git,2018-11-29 07:58:10-08
101,54,6119600fd9ca4244ae597b630b8f69dd@git.apache.org,2661,2018-11-29 07:58:10-08,mod,git-wip-us.apache.org/repos/asf/incubator-airflow-site/blob/1f06fa0e/api.html,7,14,9502,8829,2661,2018-11-29 07:58:10-08,,,,git,2018-11-29 07:58:10-08
102,54,58cbb15cbcaa4aa688bc685241d32a5e@git.apache.org,2661,2018-11-29 07:58:19-08,mod,git-wip-us.apache.org/repos/asf/incubator-airflow-site/blob/1f06fa0e/_modules/airflow/contrib/operators/vertica_to_hive.html,9,16,9503,8830,2661,2018-11-29 07:58:19-08,,,,git,2018-11-29 07:58:19-08
103,54,58cbb15cbcaa4aa688bc685241d32a5e@git.apache.org,2661,2018-11-29 07:58:19-08,mod,git-wip-us.apache.org/repos/asf/incubator-airflow-site/blob/1f06fa0e/_modules/airflow/contrib/operators/winrm_operator.html,9,16,9504,8831,2661,2018-11-29 07:58:19-08,,,,git,2018-11-29 07:58:19-08
104,54,58cbb15cbcaa4aa688bc685241d32a5e@git.apache.org,2661,2018-11-29 07:58:19-08,mod,git-wip-us.apache.org/repos/asf/incubator-airflow-site/blob/1f06fa0e/_modules/airflow/contrib/sensors/aws_redshift_cluster_sensor.html,7,14,9505,8832,2661,2018-11-29 07:58:19-08,,,,git,2018-11-29 07:58:19-08
105,54,58cbb15cbcaa4aa688bc685241d32a5e@git.apache.org,2661,2018-11-29 07:58:19-08,mod,git-wip-us.apache.org/repos/asf/incubator-airflow-site/blob/1f06fa0e/_modules/airflow/contrib/sensors/bash_sensor.html,7,14,9506,8833,2661,2018-11-29 07:58:19-08,,,,git,2018-11-29 07:58:19-08
106,54,58cbb15cbcaa4aa688bc685241d32a5e@git.apache.org,2661,2018-11-29 07:58:19-08,mod,git-wip-us.apache.org/repos/asf/incubator-airflow-site/blob/1f06fa0e/_modules/airflow/contrib/sensors/bigquery_sensor.html,7,14,9507,8834,2661,2018-11-29 07:58:19-08,,,,git,2018-11-29 07:58:19-08
107,54,58cbb15cbcaa4aa688bc685241d32a5e@git.apache.org,2661,2018-11-29 07:58:19-08,add,git-wip-us.apache.org/repos/asf/incubator-airflow-site/blob/1f06fa0e/_modules/airflow/contrib/sensors/cassandra_sensor.html,271,0,9508,8835,2661,2018-11-29 07:58:19-08,,,,git,2018-11-29 07:58:19-08
108,54,58cbb15cbcaa4aa688bc685241d32a5e@git.apache.org,2661,2018-11-29 07:58:19-08,mod,git-wip-us.apache.org/repos/asf/incubator-airflow-site/blob/1f06fa0e/_modules/airflow/contrib/sensors/datadog_sensor.html,7,14,9509,8836,2661,2018-11-29 07:58:19-08,,,,git,2018-11-29 07:58:19-08
109,54,58cbb15cbcaa4aa688bc685241d32a5e@git.apache.org,2661,2018-11-29 07:58:19-08,mod,git-wip-us.apache.org/repos/asf/incubator-airflow-site/blob/1f06fa0e/_modules/airflow/contrib/sensors/emr_base_sensor.html,7,14,9510,8837,2661,2018-11-29 07:58:19-08,,,,git,2018-11-29 07:58:19-08
110,54,58cbb15cbcaa4aa688bc685241d32a5e@git.apache.org,2661,2018-11-29 07:58:19-08,mod,git-wip-us.apache.org/repos/asf/incubator-airflow-site/blob/1f06fa0e/_modules/airflow/contrib/sensors/emr_job_flow_sensor.html,7,14,9511,8838,2661,2018-11-29 07:58:19-08,,,,git,2018-11-29 07:58:19-08
111,54,58cbb15cbcaa4aa688bc685241d32a5e@git.apache.org,2661,2018-11-29 07:58:19-08,mod,git-wip-us.apache.org/repos/asf/incubator-airflow-site/blob/1f06fa0e/_modules/airflow/contrib/sensors/emr_step_sensor.html,9,16,9512,8839,2661,2018-11-29 07:58:19-08,,,,git,2018-11-29 07:58:19-08
112,54,58cbb15cbcaa4aa688bc685241d32a5e@git.apache.org,2661,2018-11-29 07:58:19-08,mod,git-wip-us.apache.org/repos/asf/incubator-airflow-site/blob/1f06fa0e/_modules/airflow/contrib/sensors/file_sensor.html,7,14,9513,8840,2661,2018-11-29 07:58:19-08,,,,git,2018-11-29 07:58:19-08
113,54,58cbb15cbcaa4aa688bc685241d32a5e@git.apache.org,2661,2018-11-29 07:58:19-08,mod,git-wip-us.apache.org/repos/asf/incubator-airflow-site/blob/1f06fa0e/_modules/airflow/contrib/sensors/ftp_sensor.html,7,14,9514,8841,2661,2018-11-29 07:58:19-08,,,,git,2018-11-29 07:58:19-08
114,54,58cbb15cbcaa4aa688bc685241d32a5e@git.apache.org,2661,2018-11-29 07:58:19-08,mod,git-wip-us.apache.org/repos/asf/incubator-airflow-site/blob/1f06fa0e/_modules/airflow/contrib/sensors/gcs_sensor.html,7,14,9515,8842,2661,2018-11-29 07:58:19-08,,,,git,2018-11-29 07:58:19-08
115,54,58cbb15cbcaa4aa688bc685241d32a5e@git.apache.org,2661,2018-11-29 07:58:19-08,mod,git-wip-us.apache.org/repos/asf/incubator-airflow-site/blob/1f06fa0e/_modules/airflow/contrib/sensors/hdfs_sensor.html,7,14,9516,8843,2661,2018-11-29 07:58:19-08,,,,git,2018-11-29 07:58:19-08
116,54,58cbb15cbcaa4aa688bc685241d32a5e@git.apache.org,2661,2018-11-29 07:58:19-08,mod,git-wip-us.apache.org/repos/asf/incubator-airflow-site/blob/1f06fa0e/_modules/airflow/contrib/sensors/jira_sensor.html,7,14,9517,8844,2661,2018-11-29 07:58:19-08,,,,git,2018-11-29 07:58:19-08
117,54,58cbb15cbcaa4aa688bc685241d32a5e@git.apache.org,2661,2018-11-29 07:58:19-08,mod,git-wip-us.apache.org/repos/asf/incubator-airflow-site/blob/1f06fa0e/_modules/airflow/contrib/sensors/pubsub_sensor.html,7,14,9518,8845,2661,2018-11-29 07:58:19-08,,,,git,2018-11-29 07:58:19-08
118,54,58cbb15cbcaa4aa688bc685241d32a5e@git.apache.org,2661,2018-11-29 07:58:19-08,mod,git-wip-us.apache.org/repos/asf/incubator-airflow-site/blob/1f06fa0e/_modules/airflow/contrib/sensors/qubole_sensor.html,7,14,9519,8846,2661,2018-11-29 07:58:19-08,,,,git,2018-11-29 07:58:19-08
119,54,58cbb15cbcaa4aa688bc685241d32a5e@git.apache.org,2661,2018-11-29 07:58:19-08,mod,git-wip-us.apache.org/repos/asf/incubator-airflow-site/blob/1f06fa0e/_modules/airflow/contrib/sensors/redis_key_sensor.html,7,14,9520,8847,2661,2018-11-29 07:58:19-08,,,,git,2018-11-29 07:58:19-08
120,54,58cbb15cbcaa4aa688bc685241d32a5e@git.apache.org,2661,2018-11-29 07:58:19-08,add,git-wip-us.apache.org/repos/asf/incubator-airflow-site/blob/1f06fa0e/_modules/airflow/contrib/sensors/sagemaker_base_sensor.html,285,0,9521,8848,2661,2018-11-29 07:58:19-08,,,,git,2018-11-29 07:58:19-08
121,54,58cbb15cbcaa4aa688bc685241d32a5e@git.apache.org,2661,2018-11-29 07:58:19-08,add,git-wip-us.apache.org/repos/asf/incubator-airflow-site/blob/1f06fa0e/_modules/airflow/contrib/sensors/sagemaker_endpoint_sensor.html,272,0,9522,8849,2661,2018-11-29 07:58:19-08,,,,git,2018-11-29 07:58:19-08
122,54,3650e2aebc27454c9cde50ef661f8814@git.apache.org,2661,2018-11-29 07:58:24-08,add,git-wip-us.apache.org/repos/asf/incubator-airflow-site/blob/1f06fa0e/_modules/airflow/contrib/operators/gcp_sql_operator.html,679,0,9523,8850,2661,2018-11-29 07:58:24-08,,,,git,2018-11-29 07:58:24-08
123,54,22dce55dfa364d059221031375b74fb4@git.apache.org,2661,2018-11-29 07:58:15-08,mod,git-wip-us.apache.org/repos/asf/incubator-airflow-site/blob/1f06fa0e/_modules/airflow/operators/dagrun_operator.html,9,16,9524,8851,2661,2018-11-29 07:58:15-08,,,,git,2018-11-29 07:58:15-08
124,54,22dce55dfa364d059221031375b74fb4@git.apache.org,2661,2018-11-29 07:58:15-08,mod,git-wip-us.apache.org/repos/asf/incubator-airflow-site/blob/1f06fa0e/_modules/airflow/operators/docker_operator.html,41,39,9525,8852,2661,2018-11-29 07:58:15-08,,,,git,2018-11-29 07:58:15-08
125,54,22dce55dfa364d059221031375b74fb4@git.apache.org,2661,2018-11-29 07:58:15-08,mod,git-wip-us.apache.org/repos/asf/incubator-airflow-site/blob/1f06fa0e/_modules/airflow/operators/druid_check_operator.html,9,16,9526,8853,2661,2018-11-29 07:58:15-08,,,,git,2018-11-29 07:58:15-08
126,54,22dce55dfa364d059221031375b74fb4@git.apache.org,2661,2018-11-29 07:58:15-08,mod,git-wip-us.apache.org/repos/asf/incubator-airflow-site/blob/1f06fa0e/_modules/airflow/operators/dummy_operator.html,9,16,9527,8854,2661,2018-11-29 07:58:15-08,,,,git,2018-11-29 07:58:15-08
127,54,22dce55dfa364d059221031375b74fb4@git.apache.org,2661,2018-11-29 07:58:15-08,mod,git-wip-us.apache.org/repos/asf/incubator-airflow-site/blob/1f06fa0e/_modules/airflow/operators/email_operator.html,9,16,9528,8855,2661,2018-11-29 07:58:15-08,,,,git,2018-11-29 07:58:15-08
128,54,22dce55dfa364d059221031375b74fb4@git.apache.org,2661,2018-11-29 07:58:15-08,mod,git-wip-us.apache.org/repos/asf/incubator-airflow-site/blob/1f06fa0e/_modules/airflow/operators/generic_transfer.html,9,16,9529,8856,2661,2018-11-29 07:58:15-08,,,,git,2018-11-29 07:58:15-08
129,54,22dce55dfa364d059221031375b74fb4@git.apache.org,2661,2018-11-29 07:58:15-08,mod,git-wip-us.apache.org/repos/asf/incubator-airflow-site/blob/1f06fa0e/_modules/airflow/operators/hive_operator.html,13,20,9530,8857,2661,2018-11-29 07:58:15-08,,,,git,2018-11-29 07:58:15-08
130,54,22dce55dfa364d059221031375b74fb4@git.apache.org,2661,2018-11-29 07:58:15-08,mod,git-wip-us.apache.org/repos/asf/incubator-airflow-site/blob/1f06fa0e/_modules/airflow/operators/hive_stats_operator.html,9,16,9531,8858,2661,2018-11-29 07:58:15-08,,,,git,2018-11-29 07:58:15-08
131,54,22dce55dfa364d059221031375b74fb4@git.apache.org,2661,2018-11-29 07:58:15-08,mod,git-wip-us.apache.org/repos/asf/incubator-airflow-site/blob/1f06fa0e/_modules/airflow/operators/hive_to_druid.html,9,16,9532,8859,2661,2018-11-29 07:58:15-08,,,,git,2018-11-29 07:58:15-08
132,54,22dce55dfa364d059221031375b74fb4@git.apache.org,2661,2018-11-29 07:58:15-08,mod,git-wip-us.apache.org/repos/asf/incubator-airflow-site/blob/1f06fa0e/_modules/airflow/operators/hive_to_mysql.html,9,16,9533,8860,2661,2018-11-29 07:58:15-08,,,,git,2018-11-29 07:58:15-08
133,54,22dce55dfa364d059221031375b74fb4@git.apache.org,2661,2018-11-29 07:58:15-08,mod,git-wip-us.apache.org/repos/asf/incubator-airflow-site/blob/1f06fa0e/_modules/airflow/operators/hive_to_samba_operator.html,9,16,9534,8861,2661,2018-11-29 07:58:15-08,,,,git,2018-11-29 07:58:15-08
134,54,22dce55dfa364d059221031375b74fb4@git.apache.org,2661,2018-11-29 07:58:15-08,mod,git-wip-us.apache.org/repos/asf/incubator-airflow-site/blob/1f06fa0e/_modules/airflow/operators/http_operator.html,19,17,9535,8862,2661,2018-11-29 07:58:15-08,,,,git,2018-11-29 07:58:15-08
135,54,22dce55dfa364d059221031375b74fb4@git.apache.org,2661,2018-11-29 07:58:15-08,mod,git-wip-us.apache.org/repos/asf/incubator-airflow-site/blob/1f06fa0e/_modules/airflow/operators/jdbc_operator.html,9,16,9536,8863,2661,2018-11-29 07:58:15-08,,,,git,2018-11-29 07:58:15-08
136,54,22dce55dfa364d059221031375b74fb4@git.apache.org,2661,2018-11-29 07:58:15-08,mod,git-wip-us.apache.org/repos/asf/incubator-airflow-site/blob/1f06fa0e/_modules/airflow/operators/latest_only_operator.html,9,16,9537,8864,2661,2018-11-29 07:58:15-08,,,,git,2018-11-29 07:58:15-08
137,54,176f3953ae7b4ad685a780618b52df9f@git.apache.org,2661,2018-11-29 07:58:25-08,add,git-wip-us.apache.org/repos/asf/incubator-airflow-site/blob/1f06fa0e/_modules/airflow/contrib/operators/gcp_function_operator.html,522,0,9538,8865,2661,2018-11-29 07:58:25-08,,,,git,2018-11-29 07:58:25-08
138,54,160a7728e48c4768a25f87e6bc2f4968@git.apache.org,2661,2018-11-29 07:58:31-08,add,git-wip-us.apache.org/repos/asf/incubator-airflow-site/blob/1f06fa0e/_modules/airflow/contrib/hooks/imap_hook.html,491,0,9539,8866,2661,2018-11-29 07:58:31-08,,,,git,2018-11-29 07:58:31-08
139,54,160a7728e48c4768a25f87e6bc2f4968@git.apache.org,2661,2018-11-29 07:58:31-08,mod,git-wip-us.apache.org/repos/asf/incubator-airflow-site/blob/1f06fa0e/_modules/airflow/contrib/hooks/jenkins_hook.html,7,14,9540,8867,2661,2018-11-29 07:58:31-08,,,,git,2018-11-29 07:58:31-08
140,54,160a7728e48c4768a25f87e6bc2f4968@git.apache.org,2661,2018-11-29 07:58:31-08,mod,git-wip-us.apache.org/repos/asf/incubator-airflow-site/blob/1f06fa0e/_modules/airflow/contrib/hooks/jira_hook.html,7,14,9541,8868,2661,2018-11-29 07:58:31-08,,,,git,2018-11-29 07:58:31-08
141,54,160a7728e48c4768a25f87e6bc2f4968@git.apache.org,2661,2018-11-29 07:58:31-08,mod,git-wip-us.apache.org/repos/asf/incubator-airflow-site/blob/1f06fa0e/_modules/airflow/contrib/hooks/mongo_hook.html,7,14,9542,8869,2661,2018-11-29 07:58:31-08,,,,git,2018-11-29 07:58:31-08
142,54,160a7728e48c4768a25f87e6bc2f4968@git.apache.org,2661,2018-11-29 07:58:31-08,mod,git-wip-us.apache.org/repos/asf/incubator-airflow-site/blob/1f06fa0e/_modules/airflow/contrib/hooks/pinot_hook.html,7,14,9543,8870,2661,2018-11-29 07:58:31-08,,,,git,2018-11-29 07:58:31-08
143,54,160a7728e48c4768a25f87e6bc2f4968@git.apache.org,2661,2018-11-29 07:58:31-08,mod,git-wip-us.apache.org/repos/asf/incubator-airflow-site/blob/1f06fa0e/_modules/airflow/contrib/hooks/qubole_hook.html,7,14,9544,8871,2661,2018-11-29 07:58:31-08,,,,git,2018-11-29 07:58:31-08
144,54,160a7728e48c4768a25f87e6bc2f4968@git.apache.org,2661,2018-11-29 07:58:31-08,mod,git-wip-us.apache.org/repos/asf/incubator-airflow-site/blob/1f06fa0e/_modules/airflow/contrib/hooks/redis_hook.html,7,14,9545,8872,2661,2018-11-29 07:58:31-08,,,,git,2018-11-29 07:58:31-08
145,54,160a7728e48c4768a25f87e6bc2f4968@git.apache.org,2661,2018-11-29 07:58:31-08,mod,git-wip-us.apache.org/repos/asf/incubator-airflow-site/blob/1f06fa0e/_modules/airflow/contrib/hooks/redshift_hook.html,7,14,9546,8873,2661,2018-11-29 07:58:31-08,,,,git,2018-11-29 07:58:31-08
146,54,b29fd72aed674f30b486b03395a51158@git.apache.org,2661,2018-11-29 07:58:22-08,mod,git-wip-us.apache.org/repos/asf/incubator-airflow-site/blob/1f06fa0e/_modules/airflow/contrib/operators/pubsub_operator.html,17,24,9547,8874,2661,2018-11-29 07:58:22-08,,,,git,2018-11-29 07:58:22-08
147,54,b29fd72aed674f30b486b03395a51158@git.apache.org,2661,2018-11-29 07:58:22-08,mod,git-wip-us.apache.org/repos/asf/incubator-airflow-site/blob/1f06fa0e/_modules/airflow/contrib/operators/qubole_check_operator.html,11,18,9548,8875,2661,2018-11-29 07:58:22-08,,,,git,2018-11-29 07:58:22-08
148,54,b29fd72aed674f30b486b03395a51158@git.apache.org,2661,2018-11-29 07:58:22-08,mod,git-wip-us.apache.org/repos/asf/incubator-airflow-site/blob/1f06fa0e/_modules/airflow/contrib/operators/qubole_operator.html,11,18,9549,8876,2661,2018-11-29 07:58:22-08,,,,git,2018-11-29 07:58:22-08
149,54,b29fd72aed674f30b486b03395a51158@git.apache.org,2661,2018-11-29 07:58:22-08,mod,git-wip-us.apache.org/repos/asf/incubator-airflow-site/blob/1f06fa0e/_modules/airflow/contrib/operators/s3_list_operator.html,9,16,9550,8877,2661,2018-11-29 07:58:22-08,,,,git,2018-11-29 07:58:22-08
